<?xml version="1.0" encoding="UTF-8" ?>
<!DOCTYPE mapper
        PUBLIC "-//mybatis.org//DTD Mapper 3.0//EN"
        "https://mybatis.org/dtd/mybatis-3-mapper.dtd">
<mapper namespace="com.nullpoint.fifteenmintable.mapper.RecipeHashtagMapper">
    <resultMap id="RecipeHashtagResultMap" type="com.nullpoint.fifteenmintable.entity.RecipeHashtag">
        <id property="recipeHashtagId" column="recipe_hashtag_id"/>
        <result property="recipeId" column="recipe_id"/>
        <result property="hashtagId" column="hashtag_id"/>
        <result property="createDt" column="create_dt"/>

        <association property="hashtag" resultMap="HashtagResultMap"/>
    </resultMap>

    <resultMap id="HashtagResultMap" type="com.nullpoint.fifteenmintable.entity.Hashtag">
        <id property="hashtagId" column="ht_hashtag_id"/>
        <result property="name" column="ht_name"/>
        <result property="createDt" column="ht_create_dt"/>
    </resultMap>

    <resultMap id="HashtagRespDtoResultMap" type="com.nullpoint.fifteenmintable.dto.hashtag.HashtagRespDto">
        <id property="hashtagId" column="hashtag_id"/>
        <result property="name" column="name"/>
    </resultMap>

    <insert id="createRecipeHashtag" useGeneratedKeys="true" keyProperty="recipeHashtagId">
        insert into
            recipe_hashtag_tb (recipe_id, hashtag_id, create_dt)
        values
            (#{recipeId}, #{hashtagId}, now())
    </insert>

    <delete id="deleteAllByRecipeId">
        delete from
            recipe_hashtag_tb
        where
            recipe_id = #{recipeId};
    </delete>

    <delete id="deleteByRecipeIdAndHashtagId">
        delete from
            recipe_hashtag_tb
        where
            recipe_id = #{recipeId} and
            hashtag_id = #{hashtagId};
    </delete>

    <select id="getByRecipeHashtagId" resultMap="RecipeHashtagResultMap">
        select
            rht.*,
            ht.hashtag_id as ht_hashtag_id,
            ht.name as ht_name,
            ht.create_dt as ht_create_dt
        from
            recipe_hashtag_tb rht
            join hashtag_tb ht on (ht.hashtag_id = rht.hashtag_id)
        where
            rht.recipe_hashtag_id = #{recipeHashtagId};
    </select>

    <select id="getByRecipeId" resultMap="HashtagRespDtoResultMap">
        select
            ht.hashtag_id as hashtag_id,
            ht.name as name
        from
            recipe_hashtag_tb rht
            join hashtag_tb ht on (rht.hashtag_id = ht.hashtag_id)
        where
            rht.recipe_id = #{recipeId}
        order by
            rht.recipe_hashtag_id desc
    </select>

    <select id="getByHashtagId" resultMap="RecipeHashtagResultMap">
        select
            rht.*,
            ht.hashtag_id as ht_hashtag_id,
            ht.name as ht_name,
            ht.create_dt as ht_create_dt
        from
            recipe_hashtag_tb rht
            join hashtag_tb ht on (rht.hashtag_id = ht.hashtag_id)
        where
            rht.hashtag_id = #{hashtagId};
    </select>
</mapper>